{
  "schemaVersion": 1,
  "id": "starfields",
  "version": "1.0.1",
  "name": "starfields",
  "description": "Starfields Addon Pack",
  "authors": [
    "Beezy"
  ],
  "contact": {
    "homepage": "https://mcreator.net",
    "sources": ""
  },
  "license": "Academic Free License v3.0",
  "environment": "*",
  "entrypoints": {
    "main": [
      "net.mcreator.starfields.StarfieldsMod"
    ],
    "client": [
      "net.mcreator.starfields.ClientInit"
    ]
  },
  "depends": {
    "fabricloader": ">=0.14.21",
    "fabric": "*",
    "minecraft": "~1.20",
    "java": ">=17"
  },
  "mixins": [
    "starfields.mixins.json"
  ]
}